{
  "train_losses": [
    6.22350699418632,
    5.689291694377518,
    5.493131015014436,
    5.361830214465618,
    5.265538817522883,
    5.18785303285375,
    5.124987755927179,
    5.074622990514416,
    5.039100071287115,
    5.020498177307036
  ],
  "val_losses": [
    5.665260415328176,
    5.418278209900742,
    5.283577839723614,
    5.191147162013077,
    5.133065433593458,
    5.093297259088908,
    5.06121960496218,
    5.041311007367367,
    5.035471912776454,
    5.034759030958112
  ]
}